archivo,dataset,largo,VUS-PR,AUC-PR,AUC-ROC,segundos
033_WSD_id_5_WebService_tr_4559_1st_12588.csv,WSD,18236,0.006176916962815945,0.012123891048725436,0.6784695109522242,0.6251606941223145
038_WSD_id_10_WebService_tr_4042_1st_4142.csv,WSD,18084,0.3357307848795251,0.5613715382314827,0.8977487159305341,0.8292174339294434
045_WSD_id_17_WebService_tr_2566_1st_2666.csv,WSD,18236,0.11263949648926193,0.33967725218729833,0.8707990491863229,0.5058591365814209
053_WSD_id_25_WebService_tr_4559_1st_9198.csv,WSD,18236,0.08120716971605182,0.0880247830532928,0.532868437604211,0.5076043605804443
070_WSD_id_42_WebService_tr_2102_1st_2202.csv,WSD,11686,0.08930384919575254,0.17361996053115453,0.5921404913883264,3.868302822113037
142_MSL_id_3_Sensor_tr_1525_1st_4575.csv,MSL,6100,0.2226461792994185,0.21003673398773387,0.5963285197309162,1.2162110805511475
146_MSL_id_7_Sensor_tr_554_1st_1172.csv,MSL,2217,0.0723569894071329,0.060537348942460927,0.5147660108493239,0.5455663204193115
152_Stock_id_4_Finance_tr_500_1st_2.csv,Stock,20000,0.9795866940495837,0.8527090987066308,0.9655289587788191,73.96490955352783
161_Stock_id_13_Finance_tr_500_1st_3.csv,Stock,10000,0.42893636956780895,0.4102429550706901,0.9173777708801489,11.941603422164917
174_MITDB_id_5_Medical_tr_50000_1st_539948.csv,MITDB,650000,0.0011082705100438938,0.0008137945105348713,0.4833122266931169,202.3864004611969
182_SMD_id_5_Facility_tr_7174_1st_21230.csv,SMD,28696,0.11459896427819499,0.1279830999415536,0.5847487259428448,2.5917906761169434
186_SMD_id_9_Facility_tr_5925_1st_17580.csv,SMD,23703,0.012290400515054947,0.011971626724026897,0.5599934780234189,0.5903000831604004
193_SMD_id_16_Facility_tr_5925_1st_17580.csv,SMD,23703,0.02607347505152583,0.04802223458727453,0.4038789402948926,1.8673560619354248
200_SMD_id_23_Facility_tr_7174_1st_21230.csv,SMD,28696,0.03963437740798861,0.12778228041876258,0.509582809638954,0.9415147304534912
210_SMD_id_33_Facility_tr_5925_1st_17580.csv,SMD,23703,0.03456498733493149,0.05804791777526032,0.3700216502183754,1.8031580448150635
217_LTDB_id_2_Medical_tr_500_1st_266.csv,LTDB,100000,0.20555798092653121,0.1440052550709674,0.4864174015205209,58.85484862327576
230_MGAB_id_6_Synthetic_tr_25000_1st_42441.csv,MGAB,100000,0.003937496239258479,0.002251779044307263,0.5144002004008017,6.11463189125061
235_SED_id_2_Medical_tr_2499_1st_3840.csv,SED,9999,0.0457072743933609,0.0277148470337016,0.35841025307678975,3.381819009780884
242_SVDB_id_6_Medical_tr_10726_1st_10826.csv,SVDB,180400,0.02931299522119244,0.03595636212539527,0.5013165119379883,28.920371294021606
252_SVDB_id_16_Medical_tr_12167_1st_12267.csv,SVDB,230400,0.034390027550789626,0.027244882996453033,0.5270827356100796,41.182339906692505
259_TAO_id_3_Environment_tr_500_1st_7.csv,TAO,10000,0.9501880756727028,0.9629620798922123,0.977605078658192,19.47263479232788
265_IOPS_id_6_WebService_tr_6453_1st_6553.csv,IOPS,128787,0.002041778106183466,0.010762412013707407,0.5526766240292608,2.8030574321746826
270_IOPS_id_11_WebService_tr_5638_1st_5738.csv,IOPS,60000,0.04620635273285526,0.07477530088402987,0.7318030730539408,7.892221450805664
280_NEK_id_4_WebService_tr_500_1st_231.csv,NEK,1073,0.1902659087263461,0.21137729658206422,0.6648363033568172,0.5125417709350586
291_TODS_id_5_Synthetic_tr_500_1st_11.csv,TODS,5000,0.7802845880852001,0.04140131611959346,0.4102106996723204,15.963605165481567
300_TODS_id_14_Synthetic_tr_1250_1st_2555.csv,TODS,5000,0.11245582643922714,0.11028034774616502,0.4815646739130435,2.288409471511841
305_UCR_id_3_Medical_tr_3000_1st_5948.csv,UCR,12000,0.010093470053029085,0.0028017398420036588,0.38060504670291373,2.1371984481811523
312_UCR_id_10_Facility_tr_19948_1st_52000.csv,UCR,79795,0.009319640372249222,0.008237189332078999,0.548927559408008,6.935557126998901
323_UCR_id_21_HumanActivity_tr_48812_1st_128430.csv,UCR,195250,6.558326541008265e-05,5.81358168954311e-06,0.11902237655506553,32.68456482887268
347_UCR_id_45_Sensor_tr_2851_1st_5365.csv,UCR,11406,0.00566404243543149,0.0016070444334716698,0.5758113130249027,1.073072910308838
386_UCR_id_84_Environment_tr_2046_1st_5703.csv,UCR,8184,0.005821779560384493,0.004206208926620983,0.6049938725490196,0.3835291862487793
429_UCR_id_127_Medical_tr_14825_1st_29000.csv,UCR,59302,0.0043680499705161585,0.003209165728064585,0.5743596500118239,5.025737524032593
535_SMAP_id_5_Sensor_tr_1113_1st_1890.csv,SMAP,4453,0.11962706030827523,0.13649726107078652,0.8445923534484665,0.13965845108032227
543_SMAP_id_13_Sensor_tr_2020_1st_4550.csv,SMAP,8080,0.03300190719545608,0.027058048426018912,0.2743655312986471,0.9235923290252686
560_YAHOO_id_10_Synthetic_tr_500_1st_893.csv,YAHOO,1421,0.009538527837752274,0.0008904719501335708,0.20985915492957752,1.0354156494140625
568_YAHOO_id_18_WebService_tr_500_1st_333.csv,YAHOO,1680,0.058036316900647804,0.03645526057030482,0.9518982309679984,0.42765355110168457
573_YAHOO_id_23_Synthetic_tr_500_1st_623.csv,YAHOO,1421,0.8810098527895566,0.9328843995510663,0.9995278564683663,0.5229051113128662
583_YAHOO_id_33_WebService_tr_500_1st_1616.csv,YAHOO,1680,1.0,1.0,1.0,0.21317768096923828
643_YAHOO_id_93_WebService_tr_500_1st_1038.csv,YAHOO,1680,1.0,1.0,1.0,0.21492648124694824
813_Exathlon_id_4_Facility_tr_10766_1st_12590.csv,Exathlon,43066,0.20131651131172107,0.19872842690074005,0.6748422505851529,1.153944969177246
825_Exathlon_id_16_Facility_tr_10766_1st_12590.csv,Exathlon,43066,0.11468416402738323,0.11190759648824664,0.453394586615666,1.2584030628204346
852_OPPORTUNITY_id_11_HumanActivity_tr_500_1st_566.csv,OPPORTUNITY,15653,0.07963689775660254,0.06586403118267878,0.5047531708578374,1.9486942291259766
864_OPPORTUNITY_id_23_HumanActivity_tr_895_1st_995.csv,OPPORTUNITY,14751,0.031026938361465528,0.030577889111297312,0.5214667382559585,0.6283388137817383
