archivo,dataset,largo,VUS-PR,AUC-PR,AUC-ROC,segundos_detector,segundos_metrics,supera_120s
032_WSD_id_4_WebService_tr_4559_1st_11822.csv,WSD,10686,0.027236733377788966,0.037943087740976586,0.7578330321944808,0.5096611976623535,5.4039599895477295,False
039_WSD_id_11_WebService_tr_1746_1st_1846.csv,WSD,18219,0.369718076049269,0.4494465981166481,0.77657693203389,1.0830438137054443,3.930262804031372,False
040_WSD_id_12_WebService_tr_4559_1st_9714.csv,WSD,18236,0.009793092101507703,0.00880392306948085,0.5882780715688443,1.0133945941925049,6.26385235786438,False
043_WSD_id_15_WebService_tr_4521_1st_6828.csv,WSD,18085,0.09327208576405017,0.33370298574558965,0.6596972546416653,1.1350483894348145,14.915343523025513,False
049_WSD_id_21_WebService_tr_4297_1st_7097.csv,WSD,17189,0.06884207899254646,0.2846520087577426,0.7088962545450443,0.9354195594787598,2.029062032699585,False
054_WSD_id_26_WebService_tr_2409_1st_2509.csv,WSD,18391,0.046994200199682444,0.1533211631674213,0.5868518748191327,1.0082547664642334,29.01569700241089,False
058_WSD_id_30_WebService_tr_1136_1st_1236.csv,WSD,18236,0.16586122335416245,0.5999860163418406,0.8779247586131227,1.1687500476837158,1.5590994358062744,False
060_WSD_id_32_WebService_tr_4576_1st_4766.csv,WSD,18305,0.061180056756587685,0.1856032140511323,0.568413631452691,1.2647974491119385,7.359441041946411,False
068_WSD_id_40_WebService_tr_4549_1st_13322.csv,WSD,18197,0.030093233479462852,0.1741978040856536,0.5571884632320563,1.859753131866455,3.8162648677825928,False
074_WSD_id_46_WebService_tr_990_1st_1090.csv,WSD,18236,0.6249030156643902,0.6376744175188336,0.9052723304011652,1.3473973274230957,16.299875497817993,False
089_WSD_id_61_WebService_tr_1010_1st_1110.csv,WSD,17429,0.5322836388558171,0.5463135056306946,0.8824407793915856,1.2764005661010742,97.76420044898987,False
094_WSD_id_66_WebService_tr_3309_1st_3914.csv,WSD,13237,0.04971803052693686,0.19514181039006465,0.5862661501504102,0.9532504081726074,22.676775455474854,False
099_WSD_id_71_WebService_tr_4559_1st_14411.csv,WSD,18236,0.010271078342235323,0.01291501619523152,0.5323212622068513,1.4660279750823975,8.678311347961426,False
106_WSD_id_78_WebService_tr_3363_1st_3463.csv,WSD,18236,0.023159625705007337,0.04056532546270098,0.5805014172453071,2.4814553260803223,3.5550854206085205,False
113_WSD_id_85_WebService_tr_500_1st_335.csv,WSD,18242,0.08457105812957583,0.17849494205571986,0.5117518160166789,3.768284797668457,54.48718571662903,False
117_WSD_id_89_WebService_tr_3251_1st_3351.csv,WSD,16376,0.334143162129594,0.33404928433969294,0.8546692725829108,3.546522378921509,4.04362678527832,False
125_WSD_id_97_WebService_tr_2217_1st_2317.csv,WSD,18250,0.07272345356485142,0.16497099533512152,0.5432021980332093,4.77815055847168,17.65344548225403,False
130_WSD_id_102_WebService_tr_2362_1st_2462.csv,WSD,18236,0.11770180246991187,0.12802849579798525,0.6994216876374184,2.8696112632751465,14.350735664367676,False
137_WSD_id_109_WebService_tr_4559_1st_14404.csv,WSD,18236,0.010113215267840018,0.011016130673416344,0.5057131241473907,1.7755742073059082,5.708487272262573,False
139_WSD_id_111_WebService_tr_1701_1st_1801.csv,WSD,18381,0.2905660994769864,0.4495763655277616,0.7586499059424043,1.7907028198242188,4.071696996688843,False
140_MSL_id_1_Sensor_tr_530_1st_630.csv,MSL,2430,0.07169925921708219,0.04979423868312757,0.5,0.0970156192779541,7.446397304534912,False
141_MSL_id_2_Sensor_tr_500_1st_550.csv,MSL,2264,0.23888433157835295,0.11898350177617849,0.4112900312631358,0.35152101516723633,31.40946054458618,False
143_MSL_id_4_Sensor_tr_980_1st_3550.csv,MSL,3922,0.3290751539813241,0.2990310947901165,0.6622182884017274,0.28890013694763184,19.380491256713867,False
144_MSL_id_5_Sensor_tr_1525_1st_4590.csv,MSL,6100,0.03790102296552389,0.02140167755723393,0.4913963876977616,0.6095156669616699,19.879924058914185,False
145_MSL_id_6_Sensor_tr_530_1st_630.csv,MSL,2430,0.19882636298889608,0.0843480864584669,0.4551485563139565,0.2689671516418457,10.0199294090271,False
147_MSL_id_8_Sensor_tr_590_1st_690.csv,MSL,2430,0.28894252822693184,0.2546941949210463,0.5909874356844054,0.14507532119750977,14.958542823791504,False
148_MSL_id_9_Sensor_tr_883_1st_1238.csv,MSL,3535,0.06516384129534397,0.05744203681732411,0.45768014684428027,0.2872347831726074,5.3219215869903564,False
149_Stock_id_1_Finance_tr_500_1st_7.csv,Stock,20000,0.9301406190400638,0.6756162753395011,0.9810518361942795,2.503371238708496,544.4984695911407,True
151_Stock_id_3_Finance_tr_500_1st_62.csv,Stock,10000,0.4167153873386413,0.3931291580115019,0.9492992513648782,0.9237921237945557,98.21958374977112,False
155_Stock_id_7_Finance_tr_500_1st_18.csv,Stock,20000,0.9583131585194092,0.6316152688500527,0.9774663807384443,1.4847674369812012,614.7255518436432,True
156_Stock_id_8_Finance_tr_500_1st_24.csv,Stock,10000,0.4184414248888285,0.3758007066753431,0.9486293481263983,0.9766557216644287,106.02315640449524,False
160_Stock_id_12_Finance_tr_500_1st_14.csv,Stock,20000,0.8425400842608552,0.6582836432957019,0.9798997611648506,2.248506784439087,448.6467819213867,True
162_Stock_id_14_Finance_tr_500_1st_4.csv,Stock,10000,0.7603976593927371,0.7206583062886766,0.9622342714953428,0.6710958480834961,186.4170525074005,True
165_Stock_id_17_Finance_tr_500_1st_7.csv,Stock,20000,0.996170940777921,0.8839052279714226,0.9868669583859915,1.4703612327575684,639.0161390304565,True
166_Stock_id_18_Finance_tr_500_1st_18.csv,Stock,20000,0.9817013478343768,0.8864026822127181,0.9864826397088701,1.0938408374786377,212.80264592170715,True
169_Daphnet_id_1_HumanActivity_tr_9693_1st_20732.csv,Daphnet,38774,0.07903276929087683,0.0744126853210795,0.6016396082877873,2.429905652999878,9.738065004348755,False
170_MITDB_id_1_Medical_tr_17675_1st_17775.csv,MITDB,500000,0.05412221657130697,0.049142021398662104,0.5351848549869265,23.39980387687683,257.8211410045624,True
171_MITDB_id_2_Medical_tr_50000_1st_88864.csv,MITDB,650000,0.0403590965154094,0.04289839145188153,0.5253925505362603,24.050429344177246,432.2028295993805,True
172_MITDB_id_3_Medical_tr_27274_1st_27374.csv,MITDB,650000,0.02868934606976085,0.024823511012206742,0.44539256927896903,20.500048875808716,482.2028179168701,True
173_MITDB_id_4_Medical_tr_13620_1st_13720.csv,MITDB,650000,0.12725990821375155,0.09517881715870363,0.49449243546770616,24.588980197906494,1139.8050961494446,True
175_MITDB_id_6_Medical_tr_27274_1st_27374.csv,MITDB,650000,0.03172143842474321,0.027300409539557716,0.4922945894216232,18.288220167160034,530.3998296260834,True
176_MITDB_id_7_Medical_tr_6232_1st_6332.csv,MITDB,650000,0.08033637061632586,0.060296125006701506,0.5138821585785632,20.813109874725342,752.0725812911987,True
177_MITDB_id_8_Medical_tr_17675_1st_17775.csv,MITDB,650000,0.04752309075199627,0.04332065155196284,0.5132689564571349,24.954403400421143,323.35805654525757,True
178_SMD_id_1_Facility_tr_6000_1st_10609.csv,SMD,24000,0.027240262975616446,0.029567112134050326,0.43145921419446354,1.5349791049957275,10.522823572158813,False
179_SMD_id_2_Facility_tr_5925_1st_17580.csv,SMD,23703,0.03962608231865323,0.09194416791855956,0.46923998921446586,0.6512448787689209,4.39151930809021,False
180_SMD_id_3_Facility_tr_5925_1st_17580.csv,SMD,23703,0.11496478330904124,0.2136567147183058,0.9459715449749911,0.9013903141021729,0.8703629970550537,False
181_SMD_id_4_Facility_tr_5000_1st_15144.csv,SMD,20000,0.053548379193253594,0.041832983944955805,0.4760845583315105,0.8162386417388916,9.552490711212158,False
183_SMD_id_6_Facility_tr_5925_1st_17580.csv,SMD,23703,0.04106443303359272,0.08895636071538954,0.39237947139274276,1.0625028610229492,4.960650444030762,False
184_SMD_id_7_Facility_tr_7119_1st_15849.csv,SMD,28479,0.11109055609245785,0.11071934708759221,0.5714014754813194,1.007493257522583,1.9526472091674805,False
185_SMD_id_8_Facility_tr_5000_1st_15144.csv,SMD,20000,0.0895444221441122,0.06437478401931966,0.6256176618940424,0.7332134246826172,9.345121622085571,False
187_SMD_id_10_Facility_tr_5000_1st_15849.csv,SMD,20000,0.1602561883199532,0.15164548521217452,0.577720125423355,0.9362509250640869,15.76087212562561,False
188_SMD_id_11_Facility_tr_500_1st_392.csv,SMD,23703,0.08657377562273477,0.09724955673462277,0.5838922118475364,1.0510554313659668,3.094064950942993,False
189_SMD_id_12_Facility_tr_5925_1st_17580.csv,SMD,23703,0.02281285839759162,0.0656487722402995,0.5453907935651943,0.8681728839874268,1.0309631824493408,False
190_SMD_id_13_Facility_tr_7119_1st_15849.csv,SMD,28479,0.13951151207134901,0.13964695812917272,0.5366928266824099,1.0642364025115967,1.643350601196289,False
191_SMD_id_14_Facility_tr_4596_1st_4696.csv,SMD,22700,0.16576415375907044,0.24710489480991488,0.5469761461381574,0.7849264144897461,6.845226049423218,False
192_SMD_id_15_Facility_tr_5925_1st_17580.csv,SMD,23703,0.028215131267894995,0.03211472689389393,0.6518210350630115,0.8133351802825928,0.939345121383667,False
194_SMD_id_17_Facility_tr_5925_1st_17580.csv,SMD,23703,0.11439411379085244,0.2041195863112842,0.8251127494616467,0.9459366798400879,2.6723365783691406,False
195_SMD_id_18_Facility_tr_5925_1st_17580.csv,SMD,23703,0.04320832195020602,0.10371647886557891,0.36648917673765036,0.8377575874328613,1.5632240772247314,False
196_SMD_id_19_Facility_tr_7174_1st_21230.csv,SMD,28696,0.09756028218475678,0.15585944123333176,0.552571020733932,1.041402816772461,6.865710735321045,False
197_SMD_id_20_Facility_tr_5000_1st_15144.csv,SMD,20000,0.05344835145930208,0.04120563407808675,0.4682794924829552,0.7736849784851074,9.527828454971313,False
198_SMD_id_21_Facility_tr_5925_1st_17580.csv,SMD,23703,0.048662046751002344,0.12621054124277242,0.7442203203894612,0.825291633605957,2.4208948612213135,False
199_SMD_id_22_Facility_tr_5925_1st_17580.csv,SMD,23703,0.00607763698721947,0.005982088558607978,0.44718861123584597,0.8057963848114014,0.8528339862823486,False
201_SMD_id_24_Facility_tr_7174_1st_21230.csv,SMD,28696,0.08054627181406354,0.14359453060191876,0.5544195552266293,0.9413931369781494,7.033535003662109,False
202_SMD_id_25_Facility_tr_6250_1st_21230.csv,SMD,25000,0.09555409088595648,0.3037305856836804,0.5869531927926089,0.8024389743804932,4.667607307434082,False
203_SMD_id_26_Facility_tr_7174_1st_21230.csv,SMD,28696,0.06811219236752437,0.189476135538499,0.4595568818935371,0.9445192813873291,7.339834690093994,False
204_SMD_id_27_Facility_tr_5000_1st_15144.csv,SMD,20000,0.08359023925504531,0.05961600360783028,0.5959018515493262,0.6900045871734619,15.235088109970093,False
205_SMD_id_28_Facility_tr_5925_1st_17580.csv,SMD,23703,0.03273219717345741,0.07990694907980882,0.3609866547484052,1.0381076335906982,4.729813575744629,False
206_SMD_id_29_Facility_tr_6250_1st_21230.csv,SMD,25000,0.10766937780407622,0.2932380020182567,0.5889469411367221,0.8299217224121094,4.950170278549194,False
207_SMD_id_30_Facility_tr_7174_1st_21230.csv,SMD,28696,0.08535588442864658,0.21892477938123636,0.48532184785606075,1.0224409103393555,7.6106414794921875,False
208_SMD_id_31_Facility_tr_5000_1st_15144.csv,SMD,20000,0.08086576088234755,0.05955596273406078,0.618214775706964,0.6505367755889893,9.050113916397095,False
209_SMD_id_32_Facility_tr_5925_1st_17580.csv,SMD,23703,0.02889253487363519,0.03093924196801974,0.6223245253230516,0.8229436874389648,0.8795320987701416,False
211_SMD_id_34_Facility_tr_5925_1st_17580.csv,SMD,23703,0.054623451866053795,0.16449299482912494,0.5867124752853496,0.827869176864624,0.8680734634399414,False
212_SMD_id_35_Facility_tr_5925_1st_17580.csv,SMD,23703,0.02477145160818639,0.035439877280789664,0.4234372188518894,0.7986147403717041,1.6988091468811035,False
213_SMD_id_36_Facility_tr_5925_1st_17580.csv,SMD,23703,0.058375354312962494,0.16468965979715106,0.5768577475646802,0.7705082893371582,4.57887077331543,False
214_SMD_id_37_Facility_tr_5925_1st_17580.csv,SMD,23703,0.03288271272396165,0.07976482126806006,0.4691204724106144,0.9898018836975098,4.525187253952026,False
215_SMD_id_38_Facility_tr_5925_1st_17580.csv,SMD,23703,0.018327371617875034,0.016963303657607457,0.49221346703737107,0.7603154182434082,0.8961758613586426,False
216_LTDB_id_1_Medical_tr_500_1st_266.csv,LTDB,100000,0.1681043086581846,0.11288722443274338,0.3857589659879489,3.3597803115844727,198.48684453964233,True
218_LTDB_id_3_Medical_tr_500_1st_266.csv,LTDB,100000,0.17243512559994675,0.11733246770164028,0.4133404034007456,3.3692080974578857,197.18306612968445,True
219_LTDB_id_4_Medical_tr_3618_1st_3718.csv,LTDB,100000,0.21135101725917502,0.16739469929013612,0.5390202624106357,3.424138307571411,116.23795557022095,False
220_LTDB_id_5_Medical_tr_500_1st_26.csv,LTDB,100000,0.39772535910855333,0.3498777999519369,0.5052746325080016,4.08773398399353,154.48597192764282,True
221_LTDB_id_6_Medical_tr_500_1st_26.csv,LTDB,100000,0.4144465155710456,0.3413701999435511,0.5106607771395031,4.791478157043457,242.18598890304565,True
222_LTDB_id_7_Medical_tr_3618_1st_3718.csv,LTDB,100000,0.22248328142128576,0.16684038550153224,0.5057973747472674,2.698096990585327,129.28618478775024,True
223_LTDB_id_8_Medical_tr_4456_1st_4556.csv,LTDB,100000,0.18025936989323593,0.12746307733966844,0.4090407277604853,3.4228272438049316,144.06550812721252,True
224_LTDB_id_9_Medical_tr_4456_1st_4556.csv,LTDB,100000,0.1926701129057048,0.14129059374048575,0.4744252825820623,3.489098310470581,148.309250831604,True
225_MGAB_id_1_Synthetic_tr_25000_1st_38478.csv,MGAB,100000,0.0033562471539332313,0.013849394358559641,0.5094652304609218,3.470649003982544,14.109530210494995,False
226_MGAB_id_2_Synthetic_tr_20000_1st_45134.csv,MGAB,80000,0.004191243541650665,0.0023444638801355254,0.5838634574791599,3.0638315677642822,10.805118560791016,False
227_MGAB_id_3_Synthetic_tr_25000_1st_44340.csv,MGAB,100000,0.005096095248788832,0.014510607756419156,0.5534121743486974,3.324446678161621,13.428223848342896,False
228_MGAB_id_4_Synthetic_tr_25000_1st_38948.csv,MGAB,100000,0.004886595087541992,0.004253758717829639,0.5355107715430862,3.904200315475464,12.370875120162964,False
229_MGAB_id_5_Synthetic_tr_25000_1st_33098.csv,MGAB,100000,0.005758411951434081,0.0036957251918099915,0.5984482965931863,2.8912017345428467,10.885273218154907,False
231_MGAB_id_7_Synthetic_tr_25000_1st_35544.csv,MGAB,100000,0.003959654781726706,0.006903288797644265,0.5592113226452906,2.9944915771484375,10.723950624465942,False
232_MGAB_id_8_Synthetic_tr_25000_1st_32708.csv,MGAB,100000,0.007341833429619281,0.02328652139366931,0.5542177855711423,2.47180438041687,10.68019962310791,False
233_MGAB_id_9_Synthetic_tr_25000_1st_41300.csv,MGAB,100000,0.010311609000301595,0.03295935844717278,0.5743941382765531,2.4905288219451904,19.627856731414795,False
234_SED_id_1_Medical_tr_3740_1st_3840.csv,SED,19999,0.07457653447347037,0.030543098204902912,0.2813275819808463,0.5401301383972168,23.27889132499695,False
236_SED_id_3_Medical_tr_3740_1st_3840.csv,SED,39999,0.051507794461443324,0.0238576681748379,0.29585615459119013,0.9993681907653809,35.41209530830383,False
237_SVDB_id_1_Medical_tr_11587_1st_11687.csv,SVDB,130400,0.11720487869638224,0.12558623688636186,0.5535080706888535,4.160143613815308,34.63652539253235,False
238_SVDB_id_2_Medical_tr_25000_1st_71963.csv,SVDB,100000,0.006717775715435159,0.00636114994891024,0.4731758134694678,2.8730366230010986,10.129902601242065,False
239_SVDB_id_3_Medical_tr_50000_1st_106634.csv,SVDB,230400,0.017271643749085776,0.015406414453733162,0.4848105041408039,6.028088092803955,73.73902010917664,False
240_SVDB_id_4_Medical_tr_18462_1st_18562.csv,SVDB,130400,0.0549108203462953,0.04304184866652349,0.4836644865190466,3.3639121055603027,78.81007957458496,False
241_SVDB_id_5_Medical_tr_11587_1st_11687.csv,SVDB,130400,0.09305005470258663,0.08810725792319779,0.4938301646024904,3.999227523803711,36.94268488883972,False
243_SVDB_id_7_Medical_tr_11393_1st_11493.csv,SVDB,180400,0.04201197126364225,0.031981719875511516,0.5142332178463838,5.3795342445373535,93.15373373031616,False
244_SVDB_id_8_Medical_tr_17803_1st_17903.csv,SVDB,130400,0.03604880084104698,0.02675231444675883,0.486152281672104,3.9734067916870117,58.95321083068848,False
245_SVDB_id_9_Medical_tr_12607_1st_12707.csv,SVDB,180400,0.12334200492431031,0.09212898838987645,0.544753582648051,5.480075359344482,163.11944842338562,True
246_SVDB_id_10_Medical_tr_20100_1st_68460.csv,SVDB,80400,0.01112293440122302,0.007536952702818769,0.5415794644116152,2.3396520614624023,13.11781096458435,False
247_SVDB_id_11_Medical_tr_20100_1st_23611.csv,SVDB,80400,0.01962336847623107,0.013418874046316389,0.4518656095976592,2.349403142929077,12.239827394485474,False
248_SVDB_id_12_Medical_tr_18462_1st_18562.csv,SVDB,130400,0.05073877750382161,0.041941039363742605,0.4673243778829377,3.637932062149048,89.7500832080841,False
249_SVDB_id_13_Medical_tr_50000_1st_54982.csv,SVDB,230400,0.046050510630032356,0.03635335755430814,0.5056003812563326,6.605046510696411,143.0861735343933,True
250_SVDB_id_14_Medical_tr_50000_1st_107354.csv,SVDB,230400,0.02447823503632782,0.023701715842098844,0.4421070081668841,6.556962966918945,47.16149544715881,False
251_SVDB_id_15_Medical_tr_5421_1st_5521.csv,SVDB,230400,0.07742754992118628,0.0560219708310917,0.5154623852840281,6.521714687347412,168.99617648124695,True
253_SVDB_id_17_Medical_tr_17803_1st_17903.csv,SVDB,130400,0.033945972989897676,0.023976219839760674,0.41869373446539754,3.867983102798462,72.42548847198486,False
254_SVDB_id_18_Medical_tr_30824_1st_30924.csv,SVDB,230400,0.042815651304719725,0.032107014842912465,0.4770786272246861,6.980434417724609,119.26956701278687,True
255_SVDB_id_19_Medical_tr_50000_1st_54982.csv,SVDB,230400,0.045117890949656535,0.03497625331378032,0.47059911052171477,6.6058313846588135,140.6871635913849,True
256_SVDB_id_20_Medical_tr_6264_1st_6364.csv,SVDB,230400,0.03404960265342833,0.025798358517884475,0.4296353273454474,6.717799186706543,103.30911469459534,False
257_TAO_id_1_Environment_tr_500_1st_3.csv,TAO,10000,0.9998891685090843,0.9990517819706499,0.9989538677460787,0.28392744064331055,94.33641028404236,False
258_TAO_id_2_Environment_tr_500_1st_4.csv,TAO,10000,0.9999580608974896,0.9993732664759449,0.9992767493863277,0.28283166885375977,129.801411151886,True
260_IOPS_id_1_WebService_tr_5000_1st_11804.csv,IOPS,20000,0.2129667403414335,0.7849125935057082,0.9981058169289931,0.5975503921508789,0.563870906829834,False
261_IOPS_id_2_WebService_tr_2178_1st_2278.csv,IOPS,8784,0.02221245447677514,0.01724097901361525,0.6481734639629376,0.239976167678833,9.197946548461914,False
262_IOPS_id_3_WebService_tr_7028_1st_7128.csv,IOPS,125135,0.06167907396917998,0.0632127158357526,0.5774512922723917,3.667386770248413,6.92453670501709,False
263_IOPS_id_4_WebService_tr_3482_1st_3582.csv,IOPS,149123,0.21325799721003405,0.36576169164091643,0.7691296106169603,4.176269292831421,7.142119646072388,False
264_IOPS_id_5_WebService_tr_11665_1st_11765.csv,IOPS,60000,0.023121739334106675,0.03738503670600028,0.22116358339180636,1.6434853076934814,1.618640422821045,False
266_IOPS_id_7_WebService_tr_4010_1st_4110.csv,IOPS,89155,0.048567786540973046,0.09136394250998169,0.5777547960312301,2.780972957611084,5.934668064117432,False
267_IOPS_id_8_WebService_tr_1534_1st_1882.csv,IOPS,6138,0.139856931113278,0.011369919306674105,0.5871567882668486,0.1507549285888672,17.687030792236328,False
268_IOPS_id_9_WebService_tr_6216_1st_6316.csv,IOPS,29133,0.09105034098071156,0.07929677142929398,0.5143851198301028,0.821213960647583,4.167337656021118,False
269_IOPS_id_10_WebService_tr_1216_1st_1728.csv,IOPS,4866,0.31825734042016146,0.3727374784646009,0.6543195231175302,0.1507108211517334,0.6025824546813965,False
271_IOPS_id_12_WebService_tr_500_1st_341.csv,IOPS,8784,0.16415898515365493,0.030620021923099303,0.5681310965421765,0.2884714603424072,30.538846254348755,False
272_IOPS_id_13_WebService_tr_3442_1st_3542.csv,IOPS,149156,0.27324014598477364,0.48000160837062095,0.8591178408982332,4.2595014572143555,7.2096168994903564,False
273_IOPS_id_14_WebService_tr_5569_1st_5669.csv,IOPS,149122,0.17800660706521626,0.1981949298847312,0.7020160302425307,4.530978441238403,97.79712843894958,False
274_IOPS_id_15_WebService_tr_4591_1st_4691.csv,IOPS,149132,0.18723462733930502,0.12043861949705227,0.5384654863971694,4.233200311660767,145.1808807849884,True
275_IOPS_id_16_WebService_tr_1482_1st_1582.csv,IOPS,8784,0.17875191934789794,0.007760317495990471,0.4612356798890439,0.2557847499847412,18.804625749588013,False
276_IOPS_id_17_WebService_tr_19197_1st_19297.csv,IOPS,91370,0.0672190214738072,0.07774396573150213,0.4895786510251868,2.6639134883880615,10.405975818634033,False
277_NEK_id_1_WebService_tr_500_1st_17.csv,NEK,1073,0.3032719688525981,0.3102288141137602,0.7790782187355791,0.0307161808013916,0.1716468334197998,False
278_NEK_id_2_WebService_tr_500_1st_64.csv,NEK,1073,0.329557955845253,0.3117460707191348,0.6558302808302808,0.030250072479248047,1.3974950313568115,False
279_NEK_id_3_WebService_tr_500_1st_974.csv,NEK,1073,0.34161382036195703,0.3148094612606036,0.6457778474071754,0.031243324279785156,0.49115681648254395,False
281_NEK_id_5_WebService_tr_500_1st_974.csv,NEK,1073,0.3310195522126129,0.25202999573184837,0.6139132441162898,0.031250953674316406,0.4367499351501465,False
282_NEK_id_6_WebService_tr_500_1st_64.csv,NEK,1073,0.2355560831885569,0.22107352857410523,0.72992299229923,0.03124856948852539,1.8026087284088135,False
283_NEK_id_7_WebService_tr_500_1st_777.csv,NEK,1073,0.2784401792509099,0.2600550312245085,0.5979888072752712,0.025653600692749023,0.775505542755127,False
284_NEK_id_8_WebService_tr_500_1st_976.csv,NEK,1073,0.4238920533062139,0.37259451324695625,0.6680026491276149,0.04295945167541504,0.42807698249816895,False
285_NEK_id_9_WebService_tr_500_1st_780.csv,NEK,1073,0.28612794883440495,0.2703764625453105,0.621502590673575,0.03126788139343262,0.6833207607269287,False
286_CATSv2_id_1_Sensor_tr_17792_1st_17892.csv,CATSv2,300000,0.05936085815104488,0.06889055519850043,0.5061494442022668,8.308736085891724,106.9036157131195,False
287_TODS_id_1_Synthetic_tr_500_1st_11.csv,TODS,5000,0.8655195612915227,0.32962602522741696,0.5979323765703841,0.1293177604675293,43.761855125427246,False
288_TODS_id_2_Synthetic_tr_500_1st_65.csv,TODS,5000,0.6224283143861731,0.08869578013245888,0.47938005630313324,0.13180923461914062,38.86092805862427,False
289_TODS_id_3_Synthetic_tr_500_1st_26.csv,TODS,5000,0.6673036903984247,0.048915591344517846,0.4155206515415939,0.11604142189025879,39.09158515930176,False
290_TODS_id_4_Synthetic_tr_500_1st_26.csv,TODS,5000,0.5583117312820934,0.0951023320656259,0.4664518738025629,0.15591859817504883,32.88728618621826,False
292_TODS_id_6_Synthetic_tr_500_1st_11.csv,TODS,5000,0.8223851118436105,0.15182609968569372,0.5100280625671549,0.15056371688842773,40.88303828239441,False
293_TODS_id_7_Synthetic_tr_500_1st_7.csv,TODS,5000,0.5726778317056019,0.07585152068992328,0.44845339635352044,0.1505603790283203,18.19702935218811,False
294_TODS_id_8_Synthetic_tr_500_1st_200.csv,TODS,5000,0.339006283821735,0.09020825517217679,0.39297523909341014,0.11663699150085449,13.862649202346802,False
295_TODS_id_9_Synthetic_tr_1250_1st_2046.csv,TODS,5000,0.1990174436223379,0.09362526621357727,0.4590266421936704,0.13327860832214355,9.88337755203247,False
296_TODS_id_10_Synthetic_tr_500_1st_26.csv,TODS,5000,0.7474226288807477,0.09880400112227924,0.5127383522216227,0.13345575332641602,35.74357581138611,False
297_TODS_id_11_Synthetic_tr_500_1st_7.csv,TODS,5000,0.2939811820374113,0.09925465090665758,0.5222110085662823,0.11226558685302734,17.528820514678955,False
298_TODS_id_12_Synthetic_tr_500_1st_0.csv,TODS,5000,0.5460581465306592,0.13287217745684848,0.5260088289030405,0.1342451572418213,29.71452283859253,False
299_TODS_id_13_Synthetic_tr_500_1st_65.csv,TODS,5000,0.6661769392889011,0.25420491287028923,0.5308537616229925,0.11161327362060547,34.610151290893555,False
301_TODS_id_15_Synthetic_tr_500_1st_245.csv,TODS,5000,0.23819030020181964,0.08537860134004602,0.4389792231255646,0.13095355033874512,12.688650608062744,False
302_Power_id_1_Facility_tr_7685_1st_7785.csv,Power,35040,0.08015437065340288,0.07876653583896673,0.4429282563462339,0.9449796676635742,7.530663013458252,False
304_UCR_id_2_Medical_tr_2499_1st_7000.csv,UCR,9998,0.006649960442262705,0.004934124936607099,0.49541013268998796,0.25016283988952637,0.6964566707611084,False
309_UCR_id_7_Medical_tr_3000_1st_5948.csv,UCR,12000,0.01172279915835624,0.0024653304413665375,0.29557879083600536,0.264798641204834,4.648939609527588,False
326_UCR_id_24_Medical_tr_1875_1st_4187.csv,UCR,7501,0.008011705097800529,0.0029680267534487725,0.7285908220946277,0.19671225547790527,3.6842260360717773,False
346_UCR_id_44_Medical_tr_7456_1st_17390.csv,UCR,29826,0.004776055966677106,0.0042219606645774906,0.48884750082891243,0.8831970691680908,1.420421838760376,False
361_UCR_id_59_Medical_tr_3000_1st_7175.csv,UCR,12000,0.028816778096504674,0.0213004295032903,0.568573796786545,0.333540678024292,4.590051174163818,False
371_UCR_id_69_Medical_tr_1853_1st_6200.csv,UCR,7415,0.030951719524877398,0.024301069961906865,0.5021264157837048,0.21437478065490723,3.4061005115509033,False
382_UCR_id_80_Medical_tr_7500_1st_11800.csv,UCR,30000,0.010854742994636698,0.009636421672266124,0.4608893378226711,0.8004012107849121,2.9062533378601074,False
391_UCR_id_89_Medical_tr_1875_1st_5759.csv,UCR,7500,0.037858646748094554,0.021056345332825396,0.5273552452316076,0.1639256477355957,3.6914455890655518,False
396_UCR_id_94_Medical_tr_1875_1st_5607.csv,UCR,7501,0.012254238620236918,0.004152203672528626,0.49826063687449823,0.18237733840942383,2.99836802482605,False
415_UCR_id_113_Medical_tr_3000_1st_8612.csv,UCR,12000,0.012494921906172742,0.007195676146258644,0.43502098313589566,0.3051013946533203,4.3325440883636475,False
436_UCR_id_134_Medical_tr_1875_1st_4526.csv,UCR,7501,0.009643733489465522,0.0022713362745805823,0.16447597376522555,0.1971592903137207,2.9002134799957275,False
437_UCR_id_135_Medical_tr_2499_1st_8000.csv,UCR,9998,0.002402293984302986,0.0016215085813203155,0.261722651158127,0.25588274002075195,0.7080793380737305,False
307_UCR_id_5_Facility_tr_29895_1st_39240.csv,UCR,119580,0.001510246977059275,0.0008487950132959651,0.5073235921406493,3.0736520290374756,11.906601428985596,False
331_UCR_id_29_Facility_tr_50000_1st_837400.csv,UCR,900000,0.0020054538413107584,0.002264883776413056,0.5064186751445542,20.945682048797607,200.4395730495453,True
332_UCR_id_30_Facility_tr_13750_1st_52600.csv,UCR,55000,0.004745506851064001,0.0032756398819006848,0.4743559306569344,1.4444677829742432,11.83139181137085,False
349_UCR_id_47_Facility_tr_29954_1st_74900.csv,UCR,119819,0.0030663281641972423,0.0015120844631950562,0.5454291712258017,3.3902158737182617,11.498892784118652,False
358_UCR_id_56_Facility_tr_10500_1st_29080.csv,UCR,42000,0.0020091157845037117,0.0015452324975222872,0.47806171514862505,1.0884366035461426,1.742950201034546,False
406_UCR_id_104_Facility_tr_20000_1st_67950.csv,UCR,80000,0.004251605503369616,0.0028417613547912267,0.4872032601880878,2.058933973312378,20.406879901885986,False
419_UCR_id_117_Facility_tr_3000_1st_6168.csv,UCR,12000,0.010025990926835399,0.003355134797435629,0.493664268986283,0.3198878765106201,5.082586765289307,False
420_UCR_id_118_Facility_tr_13750_1st_52600.csv,UCR,55000,0.007127134018393078,0.006152132585763022,0.5267122718978102,1.6629087924957275,12.898208618164062,False
432_UCR_id_130_Facility_tr_23000_1st_26970.csv,UCR,92000,0.004606127836461189,0.004095081861174124,0.4996909669211196,2.83147931098938,25.258176803588867,False
452_UCR_id_150_Facility_tr_10000_1st_35774.csv,UCR,40000,0.005075216750904541,0.004301112107342363,0.5812208020050125,1.2330617904663086,5.166327714920044,False
471_UCR_id_169_Facility_tr_10000_1st_35774.csv,UCR,40000,0.004124268758424815,0.007404521665993173,0.42020526315789475,1.2154340744018555,4.803036689758301,False
494_UCR_id_192_Facility_tr_22500_1st_72150.csv,UCR,90000,0.007274287408532588,0.006447060246518316,0.5355645271447149,2.579059600830078,11.107272148132324,False
500_UCR_id_198_Facility_tr_7482_1st_23357.csv,UCR,29931,0.251125467498748,0.29663087694860824,0.6249051717335677,0.9152712821960449,6.8948822021484375,False
517_UCR_id_215_Facility_tr_7482_1st_24005.csv,UCR,29931,0.004075159868533005,0.002356702299177332,0.5100881550695677,0.951291561126709,4.619502067565918,False
525_UCR_id_223_Facility_tr_50000_1st_250720.csv,UCR,299790,0.0030462779215073158,0.0035480654382902413,0.515048130281165,8.748494386672974,113.32667326927185,True
310_UCR_id_8_HumanActivity_tr_2631_1st_8285.csv,UCR,10524,0.005385463569204426,0.003542628625330136,0.5343466107617051,0.2999918460845947,0.7214453220367432,False
311_UCR_id_9_HumanActivity_tr_16000_1st_38400.csv,UCR,64000,0.019858029476579227,0.026027726313324707,0.48108735166139244,1.6353018283843994,6.342715263366699,False
315_UCR_id_13_HumanActivity_tr_16000_1st_33070.csv,UCR,64000,0.0034040139594336324,0.002743577254971623,0.5499260803369428,1.6905097961425781,6.427001476287842,False
334_UCR_id_32_HumanActivity_tr_1671_1st_2764.csv,UCR,6684,0.04130442373341626,0.03241283560765059,0.4942229628422097,0.23459720611572266,2.6340558528900146,False
341_UCR_id_39_HumanActivity_tr_48812_1st_128430.csv,UCR,195250,5.900116692282804e-05,8.823788934968676e-06,0.41956680956112447,5.948789119720459,53.748700857162476,False
355_UCR_id_53_HumanActivity_tr_48750_1st_143411.csv,UCR,195000,0.0005998137198555518,0.00046181530891792994,0.44897639815289897,5.751763820648193,54.42661690711975,False
381_UCR_id_79_HumanActivity_tr_16000_1st_31200.csv,UCR,64000,0.011119427995381358,0.010660526994255147,0.5116559043166777,2.0282914638519287,6.858316659927368,False
401_UCR_id_99_HumanActivity_tr_1671_1st_5920.csv,UCR,6684,0.023788758116200917,0.011544420263878244,0.5820812280140709,0.18588757514953613,2.5450007915496826,False
421_UCR_id_119_HumanActivity_tr_48750_1st_130700.csv,UCR,195000,0.011044842754964352,0.018166041624889755,0.5103603902974803,5.903611183166504,53.39065742492676,False
430_UCR_id_128_HumanActivity_tr_12500_1st_46500.csv,UCR,50000,0.007232278635913128,0.006415219499869312,0.5125853118712274,1.471968650817871,5.430460214614868,False
439_UCR_id_137_HumanActivity_tr_48750_1st_110800.csv,UCR,195000,0.00021146294346782702,1.7655055525149626e-05,0.7095369719844717,6.31493878364563,51.34668207168579,False
459_UCR_id_157_HumanActivity_tr_50000_1st_110260.csv,UCR,200000,0.00462356030487013,0.0006413060621888638,0.44902107509602035,6.003398895263672,43.70813488960266,False
473_UCR_id_171_HumanActivity_tr_2617_1st_7290.csv,UCR,10468,0.0014280334032844,0.0008343618095535968,0.6167001210730899,0.33226633071899414,0.7657294273376465,False
516_UCR_id_214_HumanActivity_tr_2108_1st_4702.csv,UCR,8432,0.002383585375637905,0.0017553353444550307,0.7900320398718405,0.26601624488830566,0.7158412933349609,False
530_UCR_id_228_HumanActivity_tr_16250_1st_38500.csv,UCR,65000,0.005234059428243382,0.004735357891155346,0.526819268418341,2.0192666053771973,6.465571641921997,False
319_UCR_id_17_Environment_tr_6166_1st_19280.csv,UCR,24667,0.02965633040014103,0.047352747694181366,0.5915478230709593,0.7324361801147461,1.7365732192993164,False
385_UCR_id_83_Environment_tr_2046_1st_6006.csv,UCR,8184,0.012734738893439203,0.012078978306781608,0.5545671501147165,0.25017213821411133,0.6664338111877441,False
387_UCR_id_85_Environment_tr_2046_1st_5549.csv,UCR,8184,0.02143267494000262,0.02178689057517239,0.6488215953785644,0.304656982421875,0.7658703327178955,False
393_UCR_id_91_Environment_tr_2046_1st_4852.csv,UCR,8184,0.013282622715002253,0.011655963325621584,0.5357106276630613,0.26041555404663086,0.654660701751709,False
400_UCR_id_98_Environment_tr_2046_1st_5391.csv,UCR,8184,0.010101010101010104,0.010869565217391304,0.9888793840889649,0.26662611961364746,0.699113130569458,False
411_UCR_id_109_Environment_tr_2046_1st_4852.csv,UCR,8184,0.010138367814214748,0.009084823683141252,0.5183546378236643,0.3165745735168457,0.6289541721343994,False
445_UCR_id_143_Environment_tr_6166_1st_19280.csv,UCR,24667,0.01655354109789795,0.03103149214151344,0.5768938466560574,0.6996033191680908,1.500385046005249,False
463_UCR_id_161_Environment_tr_2046_1st_6006.csv,UCR,8184,0.008670776045227037,0.007902508604284948,0.5484856399541134,0.2500150203704834,0.6824319362640381,False
467_UCR_id_165_Environment_tr_6166_1st_19280.csv,UCR,24667,0.026925480604757218,0.061135616795537834,0.5739260721426531,0.7443301677703857,1.5344712734222412,False
474_UCR_id_172_Environment_tr_2046_1st_6520.csv,UCR,8184,0.005205964411004493,0.004232115241110671,0.6104268790849673,0.20044660568237305,0.6334538459777832,False
495_UCR_id_193_Environment_tr_2046_1st_6520.csv,UCR,8184,0.00519110530778943,0.0041133092911293185,0.5914930555555555,0.2666749954223633,0.5831913948059082,False
496_UCR_id_194_Environment_tr_2046_1st_5391.csv,UCR,8184,0.004329004329004332,0.004464285714285714,0.9727483807894415,0.24995017051696777,0.7164371013641357,False
499_UCR_id_197_Environment_tr_2046_1st_5703.csv,UCR,8184,0.00525842428843347,0.0036975686249723777,0.5678002450980392,0.21665382385253906,0.7325174808502197,False
504_UCR_id_202_Environment_tr_2046_1st_5549.csv,UCR,8184,0.0225603884556728,0.024015180111603317,0.642007743362832,0.28397130966186523,0.6509048938751221,False
506_UCR_id_204_Environment_tr_2046_1st_5549.csv,UCR,8184,0.028034036832196737,0.030543272095444014,0.664461959193707,0.2327578067779541,0.6505630016326904,False
313_UCR_id_11_Sensor_tr_2827_1st_4711.csv,UCR,11308,0.0216759206319625,0.010046375853122685,0.5777344390030767,0.31725573539733887,2.3178811073303223,False
316_UCR_id_14_Sensor_tr_2833_1st_5988.csv,UCR,11334,0.02504094596074648,0.006584802556051211,0.40672245316237143,0.33322763442993164,2.23301100730896,False
339_UCR_id_37_Sensor_tr_2750_1st_5400.csv,UCR,11000,0.05448103780252569,0.051511387021812786,0.5485245370370371,0.29880619049072266,1.939396619796753,False
344_UCR_id_42_Sensor_tr_2851_1st_5365.csv,UCR,11406,0.0051209705698919104,0.000998193970643724,0.34467562110438066,0.31252598762512207,2.1329939365386963,False
364_UCR_id_62_Sensor_tr_2833_1st_5988.csv,UCR,11334,0.013942763123729324,0.0061465277315735575,0.36713856745343304,0.35129332542419434,2.1836636066436768,False
369_UCR_id_67_Sensor_tr_2750_1st_5400.csv,UCR,11000,0.027717378185216277,0.025254018127576,0.5466106481481481,0.38233470916748047,1.8161487579345703,False
373_UCR_id_71_Sensor_tr_2827_1st_5988.csv,UCR,11308,0.014289444097520514,0.009282227308689201,0.5627094891155319,0.3496510982513428,2.209284543991089,False
405_UCR_id_103_Sensor_tr_2827_1st_5988.csv,UCR,11308,0.011980631714341784,0.008358924500769431,0.3626675568086204,0.35010337829589844,2.2149016857147217,False
417_UCR_id_115_Sensor_tr_2750_1st_5400.csv,UCR,11000,0.04375172188157362,0.07841911795273807,0.5272421296296296,0.32900524139404297,1.8483924865722656,False
426_UCR_id_124_Sensor_tr_2827_1st_4711.csv,UCR,11308,0.013798235037743406,0.008918571514003604,0.5351644850625352,0.3182234764099121,2.170602798461914,False
449_UCR_id_147_Sensor_tr_2847_1st_9330.csv,UCR,11388,0.06740446329884553,0.007225477848486531,0.6503955000878889,0.3083035945892334,1.933337688446045,False
493_UCR_id_191_Sensor_tr_2847_1st_9330.csv,UCR,11388,0.004849779135541852,0.0012020622184553752,0.4468008437335208,0.35907888412475586,1.8879432678222656,False
526_UCR_id_224_Sensor_tr_2827_1st_4711.csv,UCR,11308,0.01689401131412593,0.00856229226427517,0.49867010140363016,0.29205942153930664,2.06636381149292,False
531_SMAP_id_1_Sensor_tr_1811_1st_4510.csv,SMAP,7244,0.018529707329860534,0.011181667586968525,0.5,0.15026569366455078,2.4322946071624756,False
532_SMAP_id_2_Sensor_tr_2075_1st_5550.csv,SMAP,8302,0.05485601429807322,0.05201550265364542,0.5776171428919511,0.20684504508972168,2.0831851959228516,False
533_SMAP_id_3_Sensor_tr_2052_1st_5300.csv,SMAP,8209,0.389272674369109,0.3886612425837734,0.5660674875101439,0.21594715118408203,0.9646990299224854,False
534_SMAP_id_4_Sensor_tr_1968_1st_4370.csv,SMAP,7874,0.01323713486125346,0.006477012954025908,0.5,0.14527559280395508,2.598846912384033,False
536_SMAP_id_6_Sensor_tr_2160_1st_5600.csv,SMAP,8640,0.21188220202424699,0.2628425404618607,0.5044826358733777,0.18243885040283203,2.649341583251953,False
537_SMAP_id_7_Sensor_tr_2077_1st_5394.csv,SMAP,8310,0.1252466597816427,0.1259775581052182,0.5937522300167231,0.21620893478393555,2.399744987487793,False
538_SMAP_id_8_Sensor_tr_2007_1st_3650.csv,SMAP,8029,0.24717846883045708,0.250933050327989,0.7010180062193863,0.215256929397583,0.9680850505828857,False
539_SMAP_id_9_Sensor_tr_1857_1st_4270.csv,SMAP,7431,0.03497648862353202,0.031005598034950562,0.6142280401272326,0.19133472442626953,2.545877695083618,False
540_SMAP_id_10_Sensor_tr_2051_1st_4575.csv,SMAP,8205,0.022140990025916577,0.0227369740349228,0.3659779126724567,0.19936275482177734,2.0328660011291504,False
541_SMAP_id_11_Sensor_tr_1832_1st_5300.csv,SMAP,7331,0.08382873870873668,0.0956166520120274,0.33669554648097794,0.1993250846862793,0.19647836685180664,False
542_SMAP_id_12_Sensor_tr_1908_1st_4690.csv,SMAP,7632,0.040045985217770835,0.03649940023848402,0.4271912439364939,0.17235231399536133,1.7432665824890137,False
544_SMAP_id_14_Sensor_tr_1978_1st_4450.csv,SMAP,7914,0.0319880869850506,0.0255163375749451,0.2286831237234928,0.20009827613830566,1.9496676921844482,False
545_SMAP_id_15_Sensor_tr_1173_1st_2750.csv,SMAP,4693,0.1163097550208452,0.18938853336083167,0.8470550219225992,0.11742997169494629,2.5061938762664795,False
546_SMAP_id_16_Sensor_tr_2117_1st_4770.csv,SMAP,8469,0.03665495417716404,0.030384069363091643,0.2958327228375579,0.2899966239929199,2.10862398147583,False
547_SMAP_id_17_Sensor_tr_2133_1st_5400.csv,SMAP,8532,0.07733380189255652,0.07491438105206119,0.5209130464166329,0.2665066719055176,2.221855640411377,False
548_SMAP_id_18_Sensor_tr_2094_1st_5600.csv,SMAP,8376,0.6523190810036765,0.7330832064361694,0.8513702137621256,0.16913080215454102,2.4816412925720215,False
549_SMAP_id_19_Sensor_tr_1998_1st_2098.csv,SMAP,8579,0.04370854238852497,0.03460530030737561,0.5090047776885829,0.1968989372253418,2.9410109519958496,False
550_SWaT_id_1_Sensor_tr_43700_1st_43800.csv,SWaT,419919,0.10926413367800819,0.1088529186538505,0.3421603368919601,10.026871919631958,43.13691592216492,False
551_YAHOO_id_1_Synthetic_tr_500_1st_893.csv,YAHOO,1421,0.032822748743513555,0.00202020202020202,0.652112676056338,0.030429840087890625,1.617337942123413,False
552_YAHOO_id_2_Synthetic_tr_500_1st_893.csv,YAHOO,1421,1.0,1.0,1.0,0.041818857192993164,1.540060043334961,False
555_YAHOO_id_5_WebService_tr_500_1st_730.csv,YAHOO,1680,0.12548719117758694,0.2556761040629099,0.7962410501193317,0.035089969635009766,1.1117682456970215,False
558_YAHOO_id_8_WebService_tr_500_1st_1125.csv,YAHOO,1427,0.09232805480218652,0.06286825995076509,0.5556653674832962,0.040560007095336914,0.6598777770996094,False
562_YAHOO_id_12_Synthetic_tr_500_1st_893.csv,YAHOO,1421,1.0,1.0,1.0,0.039537906646728516,1.950758457183838,False
570_YAHOO_id_20_Synthetic_tr_500_1st_658.csv,YAHOO,1421,0.4318093820261653,0.501255252195437,0.5093507410021172,0.05167984962463379,3.5297083854675293,False
571_YAHOO_id_21_Synthetic_tr_500_1st_623.csv,YAHOO,1421,0.8641975308641974,1.0,1.0,0.032083749771118164,1.100536584854126,False
579_YAHOO_id_29_WebService_tr_500_1st_1342.csv,YAHOO,1680,1.0,1.0,1.0,0.026750802993774414,0.41806936264038086,False
603_YAHOO_id_53_Synthetic_tr_500_1st_893.csv,YAHOO,1421,1.0,1.0,1.0,0.04106497764587402,0.10823726654052734,False
644_YAHOO_id_94_WebService_tr_500_1st_1078.csv,YAHOO,1435,0.11838130836951442,0.05354739717791744,0.5357941176470589,0.03223133087158203,0.5015785694122314,False
645_YAHOO_id_95_WebService_tr_500_1st_1047.csv,YAHOO,1680,1.0,1.0,1.0,0.034003496170043945,0.4499049186706543,False
649_YAHOO_id_99_WebService_tr_500_1st_1386.csv,YAHOO,1680,0.08562106531271899,0.06666666666666667,0.9916617033948779,0.05010247230529785,2.8327043056488037,False
657_YAHOO_id_107_WebService_tr_500_1st_1260.csv,YAHOO,1440,1.0,1.0,1.0,0.05010247230529785,0.11664748191833496,False
658_YAHOO_id_108_Synthetic_tr_500_1st_893.csv,YAHOO,1421,1.0,1.0,1.0,0.016138792037963867,2.0843286514282227,False
672_YAHOO_id_122_WebService_tr_500_1st_857.csv,YAHOO,1680,0.07142857142857141,0.1,0.9946396664681358,0.040929555892944336,0.43141603469848633,False
680_YAHOO_id_130_Synthetic_tr_500_1st_893.csv,YAHOO,1421,0.020631869524357884,0.017543859649122806,0.9605633802816901,0.04239082336425781,1.9733459949493408,False
689_YAHOO_id_139_WebService_tr_500_1st_1073.csv,YAHOO,1680,1.0,1.0,1.0,0.044104576110839844,0.4496293067932129,False
693_YAHOO_id_143_WebService_tr_500_1st_1003.csv,YAHOO,1427,0.1666666666666666,0.3333333333333333,0.9961403508771929,0.04502749443054199,0.7318460941314697,False
701_YAHOO_id_151_Synthetic_tr_500_1st_893.csv,YAHOO,1421,0.16666666666666696,0.3333333333333333,0.9985915492957746,0.02386307716369629,2.565575122833252,False
723_YAHOO_id_173_WebService_tr_500_1st_1214.csv,YAHOO,1420,0.6598639455782318,0.8333333333333333,0.9996473906911143,0.04926133155822754,0.8833081722259521,False
724_YAHOO_id_174_WebService_tr_500_1st_1030.csv,YAHOO,1680,0.18476747299736485,0.34819551008809324,0.9542686567164179,0.032737016677856445,1.4491865634918213,False
734_YAHOO_id_184_WebService_tr_500_1st_768.csv,YAHOO,1424,0.4681773268420377,0.44270858288981535,0.6711473985992883,0.03264212608337402,0.882648229598999,False
741_YAHOO_id_191_WebService_tr_500_1st_1114.csv,YAHOO,1680,0.4642857142857141,1.0,1.0,0.03995060920715332,0.6992285251617432,False
755_YAHOO_id_205_Synthetic_tr_500_1st_893.csv,YAHOO,1421,1.0,1.0,1.0,0.048223257064819336,2.1012797355651855,False
762_YAHOO_id_212_WebService_tr_500_1st_1055.csv,YAHOO,1680,0.053376906318082805,0.05507246376811594,0.9851013110846246,0.04448843002319336,0.7033333778381348,False
780_YAHOO_id_230_Synthetic_tr_500_1st_893.csv,YAHOO,1421,0.16666666666666696,0.5,0.9992957746478873,0.04954218864440918,2.582627534866333,False
788_YAHOO_id_238_WebService_tr_500_1st_973.csv,YAHOO,1680,0.07142857142857141,0.1111111111111111,0.9952352590827874,0.03957009315490723,0.46013689041137695,False
797_YAHOO_id_247_Synthetic_tr_500_1st_893.csv,YAHOO,1421,0.01680170272690317,0.0007288629737609329,0.03450704225352108,0.03633427619934082,2.749429225921631,False
806_YAHOO_id_256_Synthetic_tr_500_1st_893.csv,YAHOO,1421,0.020771671697078227,0.0012674271229404308,0.44507042253521123,0.03339385986328125,2.0349671840667725,False
807_YAHOO_id_257_WebService_tr_500_1st_1210.csv,YAHOO,1424,0.08847194875099994,0.1050682786964997,0.8270412642669008,0.05031251907348633,0.8998992443084717,False
810_Exathlon_id_1_Facility_tr_10766_1st_12590.csv,Exathlon,43066,0.10884117767649867,0.10785245543178891,0.45692357130292227,1.153796672821045,1.3658263683319092,False
811_Exathlon_id_2_Facility_tr_10766_1st_12590.csv,Exathlon,43066,0.11240804724279364,0.10968652620104151,0.4443413107808654,1.1390233039855957,1.3223214149475098,False
812_Exathlon_id_3_Facility_tr_10766_1st_12590.csv,Exathlon,43066,0.3174127251065017,0.31911255565948704,0.8182129215795622,1.059706687927246,1.6048572063446045,False
814_Exathlon_id_5_Facility_tr_10766_1st_12590.csv,Exathlon,43066,0.11240804724279364,0.10968652620104151,0.4443413107808654,1.138077735900879,1.263484239578247,False
815_Exathlon_id_6_Facility_tr_10766_1st_12590.csv,Exathlon,43066,0.3174127251065017,0.31911255565948704,0.8182129215795622,1.050342082977295,1.6280181407928467,False
816_Exathlon_id_7_Facility_tr_10766_1st_12590.csv,Exathlon,43066,0.14660063457333153,0.14558779608930827,0.5798767120634171,1.1744964122772217,1.8999171257019043,False
817_Exathlon_id_8_Facility_tr_10766_1st_12590.csv,Exathlon,43066,0.13742646444719858,0.13732194824179583,0.5699686390080461,1.1002345085144043,1.855318307876587,False
818_Exathlon_id_9_Facility_tr_11665_1st_13484.csv,Exathlon,46660,0.13628107680770796,0.1360320623637315,0.5979809015256363,1.2303664684295654,1.48773193359375,False
819_Exathlon_id_10_Facility_tr_10766_1st_12590.csv,Exathlon,43066,0.19065724069355128,0.18872877839866092,0.6550992267306738,1.1298432350158691,1.4678983688354492,False
820_Exathlon_id_11_Facility_tr_11665_1st_13484.csv,Exathlon,46660,0.062465575984288584,0.0658490224334756,0.5057250017993351,1.138169765472412,1.995556354522705,False
821_Exathlon_id_12_Facility_tr_6985_1st_7085.csv,Exathlon,46649,0.12000239793613464,0.11988148585095057,0.5375287055512595,1.1383421421051025,3.0011441707611084,False
822_Exathlon_id_13_Facility_tr_10766_1st_12590.csv,Exathlon,43066,0.13742646444719858,0.13732194824179583,0.5699686390080461,1.1508409976959229,1.9607293605804443,False
823_Exathlon_id_14_Facility_tr_10766_1st_12590.csv,Exathlon,43066,0.12956752548614342,0.13034969841283198,0.5028966995678206,1.2050282955169678,1.403388261795044,False
824_Exathlon_id_15_Facility_tr_10766_1st_12590.csv,Exathlon,43066,0.24594731759762178,0.24768935564332914,0.7645165727072556,1.0614402294158936,1.8470244407653809,False
826_Exathlon_id_17_Facility_tr_11665_1st_13484.csv,Exathlon,46660,0.062465575984288584,0.0658490224334756,0.5057250017993351,1.1136674880981445,1.9019837379455566,False
827_Exathlon_id_18_Facility_tr_10766_1st_12590.csv,Exathlon,43066,0.24594731759762178,0.24768935564332914,0.7645165727072556,1.1835992336273193,1.809793472290039,False
828_Exathlon_id_19_Facility_tr_11663_1st_13482.csv,Exathlon,46655,0.061282589607356476,0.06118639156109468,0.4961062951610762,1.1504669189453125,2.806671619415283,False
829_Exathlon_id_20_Facility_tr_10766_1st_12590.csv,Exathlon,43066,0.14660063457333153,0.14558779608930827,0.5798767120634171,1.2920126914978027,2.024195909500122,False
830_Exathlon_id_21_Facility_tr_10766_1st_12590.csv,Exathlon,43066,0.12029270537801673,0.12270972957567164,0.4917753347221381,1.1409986019134521,1.5500531196594238,False
831_Exathlon_id_22_Facility_tr_11665_1st_13484.csv,Exathlon,46660,0.062465575984288584,0.0658490224334756,0.5057250017993351,1.2539231777191162,1.870452642440796,False
832_Exathlon_id_23_Facility_tr_10766_1st_12590.csv,Exathlon,43066,0.14660063457333153,0.14558779608930827,0.5798767120634171,1.2880356311798096,1.933004379272461,False
833_Exathlon_id_24_Facility_tr_10766_1st_12590.csv,Exathlon,43066,0.3174127251065017,0.31911255565948704,0.8182129215795622,1.0528879165649414,1.5220870971679688,False
834_Exathlon_id_25_Facility_tr_11665_1st_13484.csv,Exathlon,46660,0.062465575984288584,0.0658490224334756,0.5057250017993351,1.149062156677246,1.9836039543151855,False
835_Exathlon_id_26_Facility_tr_10766_1st_12590.csv,Exathlon,43066,0.12589723400998357,0.12379392438770254,0.5331846297427916,1.1342368125915527,2.5648140907287598,False
836_Exathlon_id_27_Facility_tr_10766_1st_12590.csv,Exathlon,43066,0.3174127251065017,0.31911255565948704,0.8182129215795622,1.1035552024841309,1.7496225833892822,False
837_Exathlon_id_28_Facility_tr_8898_1st_8998.csv,Exathlon,46650,0.13845132708098568,0.13298145113498921,0.5126980380719925,1.2051663398742676,25.41549253463745,False
838_Exathlon_id_29_Facility_tr_10766_1st_12590.csv,Exathlon,43066,0.13742646444719858,0.13732194824179583,0.5699686390080461,1.1500210762023926,1.9996252059936523,False
839_Exathlon_id_30_Facility_tr_10766_1st_12590.csv,Exathlon,43066,0.14660063457333153,0.14558779608930827,0.5798767120634171,1.214468240737915,2.0712950229644775,False
840_Exathlon_id_31_Facility_tr_10766_1st_12590.csv,Exathlon,43066,0.24594731759762178,0.24768935564332914,0.7645165727072556,1.123246192932129,1.9032647609710693,False
841_Exathlon_id_32_Facility_tr_11663_1st_13482.csv,Exathlon,46655,0.08646611751562783,0.09491616372193022,0.5533463259830735,1.3527758121490479,1.670665979385376,False
842_OPPORTUNITY_id_1_HumanActivity_tr_7295_1st_27516.csv,OPPORTUNITY,29182,0.010504251937412933,0.009025924122303153,0.39848406076570503,0.8473248481750488,1.4532394409179688,False
843_OPPORTUNITY_id_2_HumanActivity_tr_808_1st_908.csv,OPPORTUNITY,9057,0.11534997195353795,0.11448909944341093,0.27235225850847394,0.2019205093383789,1.0229954719543457,False
844_OPPORTUNITY_id_3_HumanActivity_tr_500_1st_566.csv,OPPORTUNITY,15653,0.06303031534137064,0.058978815935802585,0.4619341792709742,0.37958312034606934,1.735379695892334,False
845_OPPORTUNITY_id_4_HumanActivity_tr_7295_1st_27516.csv,OPPORTUNITY,29182,0.009648580283483869,0.009389909980753057,0.42285089211818727,0.7811260223388672,0.8589866161346436,False
846_OPPORTUNITY_id_5_HumanActivity_tr_2085_1st_2185.csv,OPPORTUNITY,22194,0.05898714075208129,0.05920045561532106,0.4861638752598714,0.6000020503997803,1.7154746055603027,False
847_OPPORTUNITY_id_6_HumanActivity_tr_808_1st_908.csv,OPPORTUNITY,9057,0.13679518270542826,0.13513688054885958,0.5229804855220695,0.23459839820861816,0.6993224620819092,False
848_OPPORTUNITY_id_7_HumanActivity_tr_1477_1st_1577.csv,OPPORTUNITY,18011,0.031080081851981068,0.03250618883620328,0.5389463754777408,0.5824847221374512,1.401212215423584,False
849_OPPORTUNITY_id_8_HumanActivity_tr_1100_1st_1200.csv,OPPORTUNITY,24892,0.040960406396329974,0.047243525749308346,0.49995797400714354,0.6832132339477539,1.1832165718078613,False
850_OPPORTUNITY_id_9_HumanActivity_tr_895_1st_995.csv,OPPORTUNITY,14751,0.03817308788874519,0.034736493604807184,0.5149475346836401,0.4159963130950928,2.087646245956421,False
851_OPPORTUNITY_id_10_HumanActivity_tr_6213_1st_7311.csv,OPPORTUNITY,24852,0.03301661836034786,0.030795957794613346,0.4455203017040194,0.699976921081543,4.07274603843689,False
853_OPPORTUNITY_id_12_HumanActivity_tr_808_1st_908.csv,OPPORTUNITY,9057,0.11204869398090386,0.1111614462396487,0.439324344806299,0.2433180809020996,0.6331427097320557,False
854_OPPORTUNITY_id_13_HumanActivity_tr_1477_1st_1577.csv,OPPORTUNITY,18011,0.026014053238209656,0.021046520497376348,0.42766509832930494,0.5287325382232666,1.6158459186553955,False
855_OPPORTUNITY_id_14_HumanActivity_tr_808_1st_908.csv,OPPORTUNITY,9057,0.12827739552669776,0.1250160145266595,0.5120101051783784,0.23270750045776367,1.1054341793060303,False
856_OPPORTUNITY_id_15_HumanActivity_tr_808_1st_908.csv,OPPORTUNITY,9057,0.11463721886034531,0.11369948674301765,0.4610940675500308,0.3165462017059326,1.0502772331237793,False
857_OPPORTUNITY_id_16_HumanActivity_tr_500_1st_566.csv,OPPORTUNITY,15653,0.08099074034604976,0.060284546009889,0.47656024119376716,0.4819474220275879,6.939436674118042,False
858_OPPORTUNITY_id_17_HumanActivity_tr_808_1st_908.csv,OPPORTUNITY,9057,0.13450573972519195,0.13278726447136047,0.46938099974222613,0.24190473556518555,0.941624641418457,False
859_OPPORTUNITY_id_18_HumanActivity_tr_895_1st_995.csv,OPPORTUNITY,14751,0.033677964602200815,0.03323884257198002,0.5295045025644853,0.39991021156311035,0.73262619972229,False
860_OPPORTUNITY_id_19_HumanActivity_tr_808_1st_908.csv,OPPORTUNITY,9057,0.11128728618100035,0.11017132612148829,0.45789933100488667,0.2331407070159912,1.0334360599517822,False
861_OPPORTUNITY_id_20_HumanActivity_tr_2085_1st_2185.csv,OPPORTUNITY,22194,0.051247445408259276,0.05224827424183284,0.5157681466224031,0.569756269454956,1.2014262676239014,False
862_OPPORTUNITY_id_21_HumanActivity_tr_500_1st_566.csv,OPPORTUNITY,15653,0.06848181655498702,0.05421595007099135,0.4539176594470305,0.5505807399749756,3.466744899749756,False
863_OPPORTUNITY_id_22_HumanActivity_tr_808_1st_908.csv,OPPORTUNITY,9057,0.1098508704924482,0.10894037750738521,0.24184726510770632,0.3070957660675049,0.9942436218261719,False
865_OPPORTUNITY_id_24_HumanActivity_tr_2085_1st_2185.csv,OPPORTUNITY,22194,0.04677587108091142,0.04509706158839098,0.48331792824802716,0.672412633895874,1.8160245418548584,False
866_OPPORTUNITY_id_25_HumanActivity_tr_6213_1st_7311.csv,OPPORTUNITY,24852,0.03435372550948844,0.03135579292268843,0.4534446710178972,0.7718508243560791,3.8762598037719727,False
867_OPPORTUNITY_id_26_HumanActivity_tr_808_1st_908.csv,OPPORTUNITY,9057,0.11421764695458811,0.10832341181377123,0.4020845387673098,0.2843000888824463,3.239147663116455,False
868_OPPORTUNITY_id_27_HumanActivity_tr_2085_1st_2185.csv,OPPORTUNITY,22194,0.04802425314902023,0.044953321756680494,0.4740005586321245,0.6490485668182373,1.719834566116333,False
869_OPPORTUNITY_id_28_HumanActivity_tr_500_1st_566.csv,OPPORTUNITY,15653,0.10864474176667731,0.07300226406810675,0.4569463478221314,0.4191153049468994,6.820851564407349,False
870_OPPORTUNITY_id_29_HumanActivity_tr_1477_1st_1577.csv,OPPORTUNITY,18011,0.03946743698644066,0.022734208292949497,0.5080866857619625,0.5630946159362793,2.9140961170196533,False
